uid,worker,case,topology_id,termination_status,pd_tot,objective,solve_time
1007,1,1,1,1,12.967130633980991,298291.41492404306,3.7309999465942383
483,1,2,1,1,4.979177841129499,5008.384065668499,0.02499985694885254
353,1,3,1,1,3.788710233549954,3805.4716284179867,0.0
911,1,4,1,1,10.517358353912062,23234.738990552465,0.015000104904174805
313,1,5,1,1,3.4966631329995437,3510.980012490465,0.012000083923339844
223,1,6,1,1,2.411276942246241,2417.913425127993,0.004999876022338867
768,1,7,2,1,8.239682093999033,16907.58827620048,0.0029997825622558594
22,1,8,2,1,0.1778342072070483,177.9122512646008,0.01900005340576172
301,1,9,2,1,3.3573137393322403,3820.2258262841638,0.006999969482421875
203,1,10,3,1,2.258350166276311,2265.0432345107192,0.26600003242492676
226,1,11,5,1,2.453887964174717,2461.956920824252,0.014999866485595703
678,1,12,5,1,7.097630492094461,17728.685870165256,0.015000104904174805
818,1,13,6,1,8.918213135676739,19586.20105533088,0.017999887466430664
774,1,14,6,1,8.299425996873328,17730.51903116961,0.009999990463256836
233,1,15,6,1,2.582221892300147,2694.698411330833,0.02499985694885254
870,1,16,6,1,9.652256223079942,22176.09815957086,0.013000011444091797
565,1,17,6,1,5.8846430974889214,10390.36115413822,0.01699995994567871
531,1,18,7,1,5.45567429710871,11025.174653494782,0.017999887466430664
985,1,19,9,1,12.238506998729981,206648.2981184966,0.020000219345092773
541,1,20,9,1,5.5845808479697645,8050.191217794475,0.01900005340576172
174,1,21,12,1,1.9686669761050184,1977.4612287798125,0.01699995994567871
983,1,22,13,1,12.19067962793065,515238.72526737506,0.032000064849853516
1034,1,23,13,1,15.000238660550034,752031.7443716746,0.0409998893737793
598,1,24,13,1,6.192886631720638,11528.741361906472,0.019999980926513672
682,1,25,13,1,7.1386065309151805,19167.09995997092,0.023000001907348633
571,1,26,14,1,5.950495010007193,10968.478727414651,0.021999835968017578
766,1,27,14,1,8.237299739031904,673438.7257710353,0.037999868392944336
881,1,28,14,1,9.837910118751898,697017.3548351404,0.029999971389770508
406,1,29,15,1,4.331175984201775,4371.673151386085,0.019999980926513672
946,1,30,15,1,11.170452991333661,26498.1967468291,0.019999980926513672
41,1,31,15,1,0.33565197212846354,335.81270129253636,0.014999866485595703
126,1,32,17,1,1.3742585254980844,2026.3982093479601,0.017000198364257812
72,1,33,17,1,0.7650062748486812,1109.091481628841,0.016000032424926758
680,1,34,17,1,7.109198213874914,19490.105750618626,0.020999908447265625
453,1,35,17,1,4.722717894552955,11065.69847855333,0.018999814987182617
696,1,36,17,1,7.260369475617148,20116.60562427203,0.019999980926513672
278,1,37,18,1,3.1046126690464253,300582.79211313574,0.0279998779296875
841,1,38,18,1,9.227993340498685,2.1559535934006795e6,0.02200007438659668
671,1,39,18,1,7.0702511259891665,1.7846820365399874e6,0.024000167846679688
815,1,40,18,1,8.877777058702943,2.1781428747910857e6,0.039999961853027344
802,1,41,19,1,8.641835565412032,17605.105010665597,0.020000219345092773
610,1,42,19,1,6.328713381208538,10597.438860638105,0.019999980926513672
1009,1,43,19,1,12.990007701370565,585548.7367022568,0.029000043869018555
995,1,44,19,1,12.569608817054537,354706.6294082828,0.021000146865844727
116,1,45,20,1,1.2286645290996474,1232.5729168449193,0.018999814987182617
542,1,46,20,1,5.5866560242194225,8940.14114421172,0.01699995994567871
577,1,47,20,1,6.0480924677370576,10353.594813248095,0.019999980926513672
724,1,48,22,1,7.6336860352500295,12967.360902172364,0.023000001907348633
752,1,49,23,1,8.04089206890784,307954.6138181177,0.046000003814697266
395,1,50,24,1,4.196333745974976,5084.003251522981,0.020999908447265625
586,1,51,24,1,6.124529500511049,12094.148989927622,0.03699994087219238
891,1,52,25,1,10.111910115377878,22176.328128106044,0.02500009536743164
1012,1,53,25,1,13.056856199162182,547332.6166270355,0.0279998779296875
729,1,54,25,1,7.769561665706097,14738.208756921582,0.019999980926513672
515,1,55,25,1,5.269771583323611,7156.649668099532,0.020999908447265625
90,1,56,2,1,0.9718907499043802,974.2274237610627,0.00800013542175293
460,1,57,13,1,4.7779106845482975,5784.4591463397355,0.01699995994567871
1006,1,58,22,1,12.966131264452436,29457.197665339565,0.011999845504760742
142,1,59,26,1,1.5284631659555739,1532.8965977016876,0.012000083923339844
830,1,60,26,1,9.063582346740356,1.2619320231942495e6,0.015999794006347656
919,1,61,26,1,10.654383149634402,2.082484281429031e6,0.01900005340576172
173,1,62,27,1,1.9656145947817611,1970.6463070100453,0.018999814987182617
888,1,63,27,1,10.032761414695075,489185.2975094546,0.020999908447265625
709,1,64,28,1,7.416254881335521,20225.439259108603,0.010999917984008789
528,1,65,28,1,5.409964772179407,13137.209937337875,0.01699995994567871
845,1,66,28,1,9.263346304332124,197733.3172461517,0.04399991035461426
652,1,67,28,1,6.7721213568923595,17679.193889337097,0.010999917984008789
600,1,68,29,1,6.211905002350141,14873.394651622131,0.01399993896484375
240,1,69,29,1,2.7176057956214326,2730.3163948350575,0.010999917984008789
3,1,70,29,1,0.03122963244674208,31.216844395478073,0.009999990463256836
589,1,71,29,1,6.144230436734121,14555.283953302122,0.013000011444091797
793,1,72,29,1,8.550072098594658,24214.189990800332,0.014999866485595703
14,1,73,30,1,0.10781455975017311,107.81801356910574,0.007999897003173828
646,1,74,30,1,6.721058343690491,24498.245236093007,0.013000011444091797
412,1,75,30,1,4.385439368735416,4454.5364455042845,0.014000177383422852
952,1,76,31,1,11.372453078260058,27365.08692259059,0.015000104904174805
573,1,77,31,1,5.984739023081099,9370.565902045715,0.015000104904174805
100,1,78,31,1,1.0681081800962695,1069.6765071874238,0.010999917984008789
331,1,79,31,1,3.652309314315815,3670.6268140604348,0.011999845504760742
358,1,80,32,1,3.8284433632600896,4569.475640121695,0.01399993896484375
112,1,81,32,1,1.2018701058792125,1205.4404590406598,0.009999990463256836
103,1,82,32,1,1.1171678748490206,1120.2406883595802,0.011999845504760742
685,1,83,32,1,7.158591368731405,14257.486760082036,0.013000011444091797
271,1,84,32,1,3.010651644808835,3338.0622956809857,0.013000011444091797
107,1,85,32,1,1.1476771568685398,1150.9205228953342,0.009000062942504883
698,1,86,32,1,7.284652220241347,14641.688282124682,0.013000011444091797
568,1,87,33,1,5.906351058692575,12569.489103965889,0.01100015640258789
616,1,88,33,1,6.36304648383661,13972.372422445404,0.005000114440917969
280,1,89,34,1,3.11532563203589,3132.243119994742,0.015000104904174805
722,1,90,34,1,7.599792588138128,1.4182350855039156e6,0.014000177383422852
409,1,91,34,1,4.375405534014288,7414.51437768204,0.014999866485595703
192,1,92,34,1,2.1517414215574253,2159.615017088737,0.014999866485595703
414,1,93,34,1,4.423732031398204,7734.37323094759,0.01399993896484375
134,1,94,34,1,1.4678159362849335,1471.3787476492425,0.010999917984008789
159,1,95,34,1,1.8242581809508474,1829.8232572903637,0.01100015640258789
503,1,96,35,1,5.143110363340235,7516.498358492811,0.010999917984008789
162,1,97,35,1,1.8552709476638989,1863.7923983124867,0.009999990463256836
86,1,98,36,1,0.9038072383838203,904.9108486505933,0.009999990463256836
36,1,99,36,1,0.29513323773325734,295.26540902173315,0.012000083923339844
641,1,100,36,1,6.690758048259821,11493.24132660299,0.015000104904174805
576,1,101,37,1,6.044246783584978,605668.3097849027,0.01699995994567871
148,1,102,37,1,1.6806451111535403,1686.9337625028413,0.026000022888183594
209,1,103,38,1,2.2974819854531763,2313.3862456468996,0.014999866485595703
849,1,104,38,1,9.294514978383006,19575.187156940476,0.02500009536743164
873,1,105,38,1,9.769224599621335,21274.95373060893,0.014999866485595703
574,1,106,38,1,5.994180333018866,9508.984350309658,0.01699995994567871
612,1,107,38,1,6.333437833422566,10619.447718037833,0.016000032424926758
61,1,108,38,1,0.5806211606721576,581.4558718813826,0.010999917984008789
971,1,109,39,1,11.834271542493344,26049.59890203208,0.010999917984008789
799,1,110,39,1,8.604951038179122,16271.304899580262,0.01399993896484375
320,1,111,39,1,3.5217933379837225,3549.548843577574,0.010999917984008789
909,1,112,39,1,10.492937904800037,21979.098100111438,0.010999917984008789
287,1,113,39,1,3.1877836162877253,3210.592631077223,0.01399993896484375
945,1,114,39,1,11.111798466525737,23871.725279576538,0.013000011444091797
630,1,115,39,1,6.517563385398111,8545.941448826197,0.015999794006347656
456,1,116,40,1,4.73701744079159,5008.152304146771,0.01900005340576172
76,1,117,40,1,0.7861390425906742,787.4133004656629,0.015000104904174805
558,1,118,40,1,5.821913245422615,6671.20741866599,0.015999794006347656
489,1,119,41,1,5.029549540832132,7715.153169218745,0.01699995994567871
253,1,120,41,1,2.8479800588538744,3053.675722595564,0.01699995994567871
506,1,121,41,1,5.1729632415298505,8294.616652055425,0.012999773025512695
719,1,122,42,1,7.577370468892924,115509.39811020943,0.03900003433227539
927,1,123,42,1,10.80918984341014,447478.51470739313,0.02700018882751465
684,1,124,42,1,7.152682974515203,18370.45479888166,0.01699995994567871
512,1,125,42,1,5.235132349369082,7646.729538643011,0.01699995994567871
444,1,126,42,1,4.634389531249567,5285.996495652926,0.016000032424926758
488,1,127,43,1,5.024168946963659,6843.98297225796,0.01900005340576172
606,1,128,43,1,6.2806245117904265,11794.060925331441,0.01900005340576172
26,1,129,43,1,0.1885424957387143,188.58067025840685,0.016000032424926758
462,1,130,44,1,4.790084697635882,5749.419906291417,0.020999908447265625
450,1,131,44,1,4.68689509615578,5439.356457045797,0.023999929428100586
840,1,132,44,1,9.225172972074837,19155.55871366883,0.026000022888183594
593,1,133,44,1,6.181024708616107,9948.35627816249,0.01900005340576172
384,1,134,44,1,4.05019300060064,4072.715545970449,0.018000125885009766
6,1,135,46,1,0.04850685047253958,48.49638263119761,0.016000032424926758
347,1,136,46,1,3.7315752790609222,3750.132827110035,0.020000219345092773
623,1,137,46,1,6.445402718376193,12575.494996277455,0.018000125885009766
863,1,138,46,1,9.516090102131873,703776.2514821731,0.023999929428100586
337,1,139,47,1,3.688684520042,7926.238841535697,0.021999835968017578
415,1,140,48,1,4.427625883016627,4913.861068516892,0.023000001907348633
596,1,141,48,1,6.188571848479998,10239.801899026303,0.02500009536743164
836,1,142,48,1,9.160372994141053,19240.783811789952,0.02500009536743164
857,1,143,48,1,9.456488942930477,20196.895682728908,0.020999908447265625
129,1,144,49,1,1.4493531576200722,1454.6994333567905,0.021000146865844727
380,1,145,50,1,4.007001132180538,4031.162997180302,0.017999887466430664
360,1,146,51,1,3.848026360223822,8490.378336713737,0.019999980926513672
548,1,147,51,1,5.696260854819475,15510.480958972379,0.02200007438659668
619,1,148,51,1,6.382654644454227,106676.96199331443,0.03599977493286133
286,1,149,51,1,3.1620610429788747,6378.890854535993,0.021000146865844727
806,1,150,51,1,8.731808248623803,664706.5421607882,0.03299999237060547
187,1,151,26,1,2.072711738283125,2081.09271356333,0.01699995994567871
180,1,152,29,1,2.026858005732231,2033.721563908231,0.014999866485595703
168,1,153,31,1,1.8898373910684565,1894.7030654599555,0.01900005340576172
160,1,154,32,1,1.8332780257865995,1841.602988994499,0.018000125885009766
581,1,155,33,1,6.071675719097993,13022.973416538805,0.020999908447265625
928,1,156,35,1,10.827224642870455,25808.976468572942,0.018999814987182617
563,1,157,36,1,5.857997517435433,8971.585484905545,0.020999908447265625
400,1,158,36,1,4.240100373422149,4264.791364672689,0.01699995994567871
172,1,159,37,1,1.964708797046266,1973.157668135062,0.018000125885009766
855,1,160,37,1,9.44318902666874,1.362971075002955e6,0.02200007438659668
441,1,161,41,1,4.616797970887454,6063.313630729322,0.01900005340576172
553,1,162,41,1,5.756003695215171,10620.058367911231,0.019999980926513672
80,2,1,1,1,0.8194586056295836,820.1545920925179,3.7350001335144043
316,2,2,2,1,3.5072876339181835,4046.6989403153016,0.01399993896484375
244,2,3,2,1,2.7736738102647576,2943.347013646965,0.01100015640258789
435,2,4,3,1,4.5941792611246335,5159.855822973091,0.29600000381469727
813,2,5,3,1,8.86993701768247,673007.969765038,0.0029997825622558594
569,2,6,3,1,5.910581093934376,10460.413002996209,0.015000104904174805
370,2,7,3,1,3.9044395530053326,3924.1850807497644,0.00599980354309082
649,2,8,3,1,6.7561283398964544,53339.585315105774,0.014999866485595703
303,2,9,3,1,3.3642123496911016,3379.2394376630614,0.008999824523925781
467,2,10,3,1,4.809716431492717,5981.0462338197185,0.0
166,2,11,4,1,1.8808405881976484,1886.8354116032037,0.01699995994567871
775,2,12,4,1,8.304140791998801,1.9351166860016624e6,0.05099987983703613
960,2,13,5,1,11.521608196506065,483040.6724843276,0.014999866485595703
500,2,14,5,1,5.135513406705207,7255.574860377873,0.009999990463256836
405,2,15,5,1,4.322505368809951,4348.660465311014,0.01900005340576172
902,2,16,5,1,10.353573060061521,387275.6500189474,0.03399991989135742
475,2,17,5,1,4.879662075493385,6335.865796634384,0.014000177383422852
443,2,18,6,1,4.633927524363694,6617.520977441007,0.012000083923339844
266,2,19,6,1,2.990623475205393,3308.535684551442,0.015000104904174805
66,2,20,6,1,0.6481250260235819,649.1806246868111,0.01399993896484375
643,2,21,8,1,6.699655703097897,109203.01417831019,0.019999980926513672
595,2,22,8,1,6.18505030872924,48531.86398503185,0.01699995994567871
579,2,23,8,1,6.060372443007691,10376.145767132142,0.01699995994567871
40,2,24,8,1,0.3301627898487542,330.4626578013273,0.01699995994567871
379,2,25,8,1,3.984597879274861,4778.646075770322,0.014999866485595703
15,2,26,9,1,0.13518668754465235,135.19919034857995,0.016000032424926758
850,2,27,9,1,9.34031791774758,17345.33064471422,0.017000198364257812
478,2,28,10,1,4.901456663441024,7629.992142589569,0.014000177383422852
602,2,29,10,1,6.2454520245796825,422399.39672771096,0.0410001277923584
916,2,30,10,1,10.609905640312178,1.3120489455485693e6,0.02499985694885254
123,2,31,11,1,1.2810134196623837,1284.6611341437897,0.01900005340576172
1002,2,32,11,1,12.849379005232693,29079.593291285444,0.021999835968017578
796,2,33,11,1,8.576540022894841,16088.34075608134,0.019999980926513672
4,2,34,11,1,0.03886626067022166,38.855688834875686,0.01699995994567871
984,2,35,12,1,12.234126874424208,1.3227128109435404e6,0.031999826431274414
851,2,36,12,1,9.348880116621789,1.3114644757065107e6,0.029000043869018555
509,2,37,12,1,5.187810849327907,282010.3977747608,0.0279998779296875
998,2,38,12,1,12.650617450618025,1.3441303031861384e6,0.032000064849853516
138,2,39,13,1,1.4860945194810475,1488.9206530280867,0.017999887466430664
1033,2,40,13,1,14.629120826384089,709462.2289837216,0.03600001335144043
199,2,41,13,1,2.23806327399608,2244.6529068885247,0.02200007438659668
1016,2,42,13,1,13.297795315361082,602580.6769710263,0.026999950408935547
953,2,43,14,1,11.374671779004279,667890.3222212163,0.03000020980834961
357,2,44,14,1,3.82767148128921,3871.4889171734244,0.02200007438659668
659,2,45,14,1,6.874247039402744,227193.11471439837,0.029000043869018555
128,2,46,14,1,1.4285319942973658,1434.2785274488344,0.017999887466430664
328,2,47,14,1,3.5823847952467727,3621.23659632053,0.0280001163482666
965,2,48,14,1,11.688617840468531,716471.473646575,0.029000043869018555
856,2,49,16,1,9.45107358522498,20539.357944249765,0.019999980926513672
633,2,50,16,1,6.573290422274247,11837.07688111109,0.023000001907348633
82,2,51,17,1,0.8420998938462558,1225.0014229782057,0.017000198364257812
771,2,52,17,1,8.275770012746188,23886.945726754697,0.023000001907348633
222,2,53,17,1,2.4035820123447476,4048.889250023582,0.017000198364257812
205,2,54,17,1,2.2682190344727444,3641.376470555847,0.01699995994567871
109,2,55,17,1,1.1688720416795864,1717.0599929471766,0.017999887466430664
476,2,56,18,1,4.895179396811539,980969.7468528126,0.029000043869018555
658,2,57,19,1,6.8689814094219415,12246.132009887342,0.023999929428100586
837,2,58,20,1,9.198719610966709,616918.8344757443,0.02499985694885254
374,2,59,20,1,3.945467508651797,4735.321992922049,0.017999887466430664
426,2,60,21,1,4.5382850704382545,4947.685632414915,0.0409998893737793
957,2,61,22,1,11.467490918767162,24944.381235074794,0.026000022888183594
900,2,62,22,1,10.322478697076814,20741.324259037036,0.026999950408935547
868,2,63,22,1,9.610003792131272,19369.13048382064,0.02200007438659668
921,2,64,22,1,10.672161829022222,21659.298287504007,0.020999908447265625
179,2,65,23,1,2.02644150221084,2031.613782060128,0.01900005340576172
230,2,66,23,1,2.556447479784577,2565.000553867756,0.019999980926513672
942,2,67,23,1,11.069793292650335,457357.01622604876,0.029000043869018555
899,2,68,23,1,10.313075885196188,389889.4932247664,0.03099989891052246
782,2,69,23,1,8.4283921527901,287613.4323225628,0.042999982833862305
976,2,70,23,1,11.994385504643995,497320.9861593406,0.023000001907348633
12,2,71,24,1,0.09690464175814775,96.91548584236224,0.016000032424926758
113,2,72,24,1,1.2151382540313596,1218.7847528807383,0.01900005340576172
1026,2,73,25,1,14.145848984198576,977313.7456516484,0.024000167846679688
178,2,74,25,1,2.018983352475305,2024.307463068229,0.021000146865844727
250,2,75,25,1,2.8373364064028515,2848.180166492884,0.02499985694885254
890,2,76,25,1,10.06157510529817,21966.87370392226,0.017999887466430664
940,2,77,25,1,10.975522281779327,25580.489531280236,0.020999908447265625
834,2,78,6,1,9.135020958706846,20234.018857139523,0.009999990463256836
843,2,79,6,1,9.243475892087039,20585.36653386045,0.01699995994567871
200,2,80,7,1,2.244342752349885,2256.847522188383,0.009999990463256836
185,2,81,7,1,2.066829622767344,2077.442113981586,0.017000198364257812
463,2,82,7,1,4.8018447544620475,9039.389064376397,0.01900005340576172
189,2,83,16,1,2.0970237161795704,2107.9220115482276,0.021000146865844727
964,2,84,16,1,11.635786092745084,29039.07087675461,0.013000011444091797
681,2,85,18,1,7.122964183739982,1.8193282033079753e6,0.015000104904174805
839,2,86,18,1,9.211623688123826,2.2081293646874283e6,0.026000022888183594
54,2,87,19,1,0.479883465296769,480.46269401220326,0.015999794006347656
858,2,88,20,1,9.475506221428187,592860.0162356999,0.029000043869018555
607,2,89,20,1,6.288689929511405,33096.57448045243,0.019999980926513672
666,2,90,26,1,6.931218798832497,256533.185392596,0.015000104904174805
647,2,91,26,1,6.731929857685157,122278.37014914813,0.010999917984008789
803,2,92,26,1,8.647622145809398,1.194409242085245e6,0.014999866485595703
825,2,93,26,1,9.01617844192688,1.2530844003005025e6,0.02200007438659668
341,2,94,27,1,3.7146527624049095,3732.859509062522,0.015000104904174805
285,2,95,27,1,3.15829146506764,3171.559346374039,0.005000114440917969
1018,2,96,27,1,13.449938917576166,778601.2284799379,0.021999835968017578
235,2,97,27,1,2.644138706286261,2653.3282847123364,0.007999897003173828
257,2,98,28,1,2.8603174955899133,5412.711246320268,0.009000062942504883
592,2,99,28,1,6.1685654754197365,15456.192910271759,0.009000062942504883
653,2,100,29,1,6.775548701027894,17353.858282858117,0.01399993896484375
650,2,101,29,1,6.763217172270589,17285.423841390082,0.01699995994567871
955,2,102,29,1,11.408712676604132,621528.8019313541,0.018999814987182617
377,2,103,31,1,3.9825123599508534,4004.2856531003404,0.023999929428100586
258,2,104,31,1,2.872317676275069,2883.6450015562345,0.017999887466430664
383,2,105,31,1,4.046956274985444,4069.4537576201774,0.021000146865844727
590,2,106,31,1,6.16195449473748,9905.60335589847,0.013000011444091797
906,2,107,31,1,10.40533212292662,23538.467842898102,0.012000083923339844
430,2,108,34,1,4.5602185437067515,8062.55943937141,0.01399993896484375
564,2,109,35,1,5.86429172186343,9697.420199995635,0.014000177383422852
547,2,110,35,1,5.672148157418896,9111.629320456235,0.01100015640258789
954,2,111,40,1,11.396958594296432,24737.72828316804,0.015000104904174805
274,2,112,40,1,3.0270989726113293,3047.8104325487284,0.013000011444091797
805,2,113,40,1,8.731184814729898,16466.885253041313,0.014000177383422852
293,2,114,40,1,3.2928671359776858,3317.393235695995,0.016000032424926758
318,2,115,41,1,3.5167930719684724,4059.559915195408,0.014000177383422852
272,2,116,41,1,3.0217389496732863,3314.6718201068607,0.026000022888183594
259,2,117,42,1,2.877432852583873,2888.1838894674593,0.016000032424926758
908,2,118,42,1,10.410174855140141,379348.14270602516,0.032000064849853516
201,2,119,42,1,2.2447396078841226,2251.219336090186,0.032000064849853516
860,2,120,43,1,9.4865644416604,340457.3590347774,0.029999971389770508
559,2,121,43,1,5.827818878406199,10084.291772673036,0.023000001907348633
932,2,122,43,1,10.871924606419421,406074.4768508939,0.03299999237060547
181,2,123,44,1,2.0391639410181184,2044.8700010717941,0.029000043869018555
10,2,124,44,1,0.07500156526794353,75.0034643261547,0.018000125885009766
482,2,125,44,1,4.964904904598658,6274.721656032031,0.02200007438659668
781,2,126,45,1,8.385059268947245,1.48446000600351e6,0.03299999237060547
398,2,127,45,1,4.225864616473956,51093.33286542153,0.03500008583068848
457,2,128,45,1,4.740861380796641,294464.4978733579,0.02500009536743164
397,2,129,45,1,4.22567549014118,74901.38373279205,0.02700018882751465
631,2,130,46,1,6.536026303616295,12948.16468384043,0.018999814987182617
299,2,131,46,1,3.3404606686750427,3354.74858151245,0.019999980926513672
422,2,132,46,1,4.494920717329245,4713.746150511526,0.019999980926513672
738,2,133,47,1,7.834112305637386,21121.587881586212,0.01900005340576172
755,2,134,47,1,8.070751710708356,22067.18236006006,0.019999980926513672
231,2,135,47,1,2.5608558565901114,4520.088832332265,0.02200007438659668
411,2,136,47,1,4.376494521505255,10008.009616891752,0.02200007438659668
132,2,137,47,1,1.4612422564402006,2157.210156942178,0.019999980926513672
626,2,138,47,1,6.482914706451294,16428.243544545374,0.03600001335144043
634,2,139,48,1,6.574724428950083,11393.308950668743,0.0280001163482666
39,2,140,48,1,0.3296461768930723,329.9723767847356,0.02500009536743164
183,2,141,48,1,2.048482958855647,2061.3992814615985,0.026999950408935547
317,2,142,49,1,3.509926761997509,4058.246779390551,0.019999980926513672
629,2,143,49,1,6.51575082064512,105355.75020905279,0.023000001907348633
740,2,144,49,1,7.843366805180668,570496.8009609965,0.025999784469604492
175,2,145,49,1,1.9774143339473562,1987.2922110176003,0.010999917984008789
251,2,146,49,1,2.839165492883888,3042.8498138567684,0.031000137329101562
461,2,147,49,1,4.7823195612019544,6529.717156781072,0.016000032424926758
118,2,148,49,1,1.2409141471064689,1244.8142339420149,0.01699995994567871
295,2,149,49,1,3.3167578463450234,3765.56758137221,0.021000146865844727
24,2,150,50,1,0.18159751003668295,181.65325875689462,0.017999887466430664
193,2,151,50,1,2.1596006817204545,2166.284685458707,0.019999980926513672
505,2,152,50,1,5.163503897649899,6910.836912653659,0.01699995994567871
639,2,153,50,1,6.6536018408206665,11421.25799040624,0.020999908447265625
486,2,154,50,1,5.012593429765463,6425.002456793574,0.02200007438659668
281,2,155,50,1,3.138010305568787,3152.1342888777044,0.018999814987182617
745,2,156,50,1,7.90382477470127,15209.06592973108,0.01900005340576172
611,2,157,50,1,6.330008033024655,10442.317400696296,0.01900005340576172
110,2,158,50,1,1.197607424481918,1199.7038344745422,0.019999980926513672
206,2,159,50,1,2.2734116291142086,2280.652540048077,0.021000146865844727
298,2,160,51,1,3.3295413915802445,6892.482428004253,0.026999950408935547
436,2,161,51,1,4.594895711130487,11209.327446327809,0.026000022888183594
284,2,162,51,1,3.1568512839530887,6363.929986623955,0.026000022888183594
788,2,163,26,1,8.512385222846047,1.095270496992823e6,0.029999971389770508
552,2,164,30,1,5.7200973767781615,10111.567180055206,0.019999980926513672
885,2,165,32,1,9.902236659332905,23164.830029475503,0.019999980926513672
655,2,166,33,1,6.843550362451918,15878.350834868857,0.017999887466430664
17,2,167,34,1,0.13759108503928194,137.6021084074725,0.015000104904174805
657,2,168,35,1,6.853348008212115,12687.710431361742,0.019999980926513672
105,2,169,35,1,1.127444401104567,1130.5915120439383,0.018000125885009766
879,2,170,35,1,9.789823929020228,21698.107619765004,0.019999980926513672
63,2,171,36,1,0.5897974106092311,590.2832065980925,0.014000177383422852
535,2,172,36,1,5.524067762305618,7968.785452328522,0.020000219345092773
120,2,173,37,1,1.251558084797041,1255.115961648582,0.037999868392944336
670,2,174,37,1,7.010759410636538,971051.6868355128,0.029000043869018555
704,2,175,38,1,7.356830521897161,13730.63127768345,0.023000001907348633
336,2,176,48,1,3.6872267084757424,3729.4446811660723,0.019999980926513672
762,2,177,49,1,8.197083036905997,634647.2340505857,0.0279998779296875
823,2,178,49,1,8.960102838005442,639433.9206091966,0.026999950408935547
534,2,179,49,1,5.509523996188857,8730.909068911002,0.017999887466430664
95,2,180,50,1,1.029663376776692,1031.2089757845424,0.01900005340576172
51,3,1,1,1,0.45818361578075356,458.3965164680894,3.6540000438690186
1028,3,2,1,1,14.251521235637705,993280.1258405877,0.026000022888183594
739,3,3,1,1,7.83828490543554,15749.930136889243,0.014999866485595703
217,3,4,1,1,2.336842796841835,2343.07289909126,0.011999845504760742
950,3,5,1,1,11.272756886031916,26293.53804208765,0.007999897003173828
582,3,6,1,1,6.077371597986404,8753.601933793827,0.010999917984008789
85,3,7,2,1,0.883333276621965,885.2549475566976,0.009000062942504883
562,3,8,2,1,5.8494162210112135,9650.575650182749,0.00800013542175293
372,3,9,2,1,3.923022941770567,4674.459449017713,0.006999969482421875
520,3,10,3,1,5.335285977080197,8145.1647905024865,0.35000014305114746
367,3,11,4,1,3.8802572712342944,5388.337154597078,0.020999908447265625
243,3,12,4,1,2.7616618123998338,2774.6548881164454,0.018000125885009766
679,3,13,4,1,7.1089333773607235,1.1332952397532968e6,0.02500009536743164
618,3,14,4,1,6.378609902623147,578294.944591187,0.0280001163482666
96,3,15,4,1,1.0316104112253244,1033.312772936988,0.017000198364257812
413,3,16,5,1,4.4159498315461505,4477.725072208735,0.015999794006347656
1020,3,17,5,1,13.553587836727134,625792.145298456,0.013000011444091797
648,3,18,5,1,6.7368548532484995,13750.530325594253,0.014999866485595703
227,3,19,5,1,2.501599796672823,2509.9177689661838,0.01900005340576172
102,3,20,6,1,1.0973783472936343,1100.3671337559686,0.013000011444091797
939,3,21,6,1,10.9748516214218,27392.48610801887,0.023000001907348633
603,3,22,8,1,6.24813701502525,61232.2895184174,0.015999794006347656
351,3,23,8,1,3.77394214637088,4467.000210788258,0.009999990463256836
56,3,24,8,1,0.4975030256563842,498.2092832574562,0.01900005340576172
757,3,25,8,1,8.098057730123056,593233.2817777904,0.019999980926513672
448,3,26,8,1,4.6729441631359085,6168.886240475319,0.012000083923339844
484,3,27,9,1,4.993021389090086,6237.821732400853,0.02200007438659668
1027,3,28,9,1,14.175724281852304,981286.484534598,0.013000011444091797
608,3,29,9,1,6.29327001901688,10197.171776343077,0.020999908447265625
795,3,30,9,1,8.566379989852113,16321.949653226193,0.019999980926513672
907,3,31,10,1,10.406290339066933,1.3513184598542135e6,0.026000022888183594
309,3,32,10,1,3.420374350110572,3438.084384686834,0.019999980926513672
232,3,33,10,1,2.572677517595146,2582.2122930558644,0.02500009536743164
956,3,34,10,1,11.431999947435479,1.46709787475784e6,0.031999826431274414
977,3,35,10,1,12.018473007857907,1.4183484323943444e6,0.03699994087219238
479,3,36,11,1,4.908212910199,5269.706034348483,0.02500009536743164
108,3,37,11,1,1.1568502484191174,1159.7285564763465,0.01900005340576172
566,3,38,11,1,5.896490108344506,6784.40253705068,0.020999908447265625
970,3,39,11,1,11.833528792043873,24786.676584716362,0.01900005340576172
718,3,40,11,1,7.546478760755451,12673.843154946568,0.02499985694885254
713,3,41,12,1,7.469669825464443,1.1658457661916213e6,0.029999971389770508
663,3,42,12,1,6.911587700883658,966383.4157396734,0.031999826431274414
33,3,43,12,1,0.26164565703876264,261.75104279004904,0.01699995994567871
1019,3,44,12,1,13.53870148801855,1.3917806910839868e6,0.026999950408935547
773,3,45,12,1,8.29452035458597,1.375663745978142e6,0.03299999237060547
289,3,46,12,1,3.226580760386908,5501.7914309739,0.019999980926513672
1029,3,47,13,1,14.364493009654488,696456.3025661866,0.029000043869018555
538,3,48,16,1,5.566140164344164,8790.848899352712,0.021000146865844727
429,3,49,16,1,4.559265336813786,5765.5594169408205,0.023000001907348633
889,3,50,16,1,10.0541207556703,22735.575250281312,0.020999908447265625
549,3,51,16,1,5.697909396382567,9192.100873112513,0.020999908447265625
464,3,52,17,1,4.806722092810208,11322.668458720695,0.020000219345092773
526,3,53,17,1,5.384959069606208,13081.525475019875,0.019999980926513672
207,3,54,18,1,2.2828179010134773,2295.4814952851552,0.019999980926513672
759,3,55,18,1,8.108025163080946,2.1502282676165733e6,0.03000020980834961
149,3,56,18,1,1.6871922146981326,1693.5835975519155,0.019999980926513672
455,3,57,18,1,4.733331731586896,978644.4392065258,0.031000137329101562
449,3,58,19,1,4.677509135101934,5598.499008371535,0.029000043869018555
290,3,59,19,1,3.2416969933699007,3273.268183498671,0.02200007438659668
951,3,60,19,1,11.289520673544438,27214.374526949276,0.023000001907348633
993,3,61,19,1,12.542157570002507,437651.48088007816,0.02500009536743164
93,3,62,19,1,1.0229645368276885,1026.0504570090511,0.016000032424926758
446,3,63,22,1,4.66168697891867,4894.549175730411,0.024000167846679688
468,3,64,24,1,4.8125721916038176,6846.087144962963,0.023000001907348633
474,3,65,24,1,4.844992280276754,6977.696637384696,0.01900005340576172
392,3,66,24,1,4.15653672065731,5024.234682754296,0.019999980926513672
975,3,67,25,1,11.958943254161088,52055.49746146364,0.03399991989135742
668,3,68,25,1,6.950209247521716,12245.115177766667,0.02500009536743164
1025,3,69,25,1,14.113718199057336,861966.72164084,0.021999835968017578
917,3,70,2,1,10.613910646675013,26074.991700534894,0.009999990463256836
591,3,71,4,1,6.167099415682487,481198.15447281254,0.01900005340576172
510,3,72,6,1,5.20789729447045,8346.312867796903,0.018000125885009766
161,3,73,6,1,1.849230066051809,1857.7374473385787,0.015000104904174805
493,3,74,6,1,5.050901610356052,7872.886132844812,0.019999980926513672
13,3,75,7,1,0.1006369920539022,100.65622149061197,0.013000011444091797
407,3,76,7,1,4.332981308112565,7619.609059679203,0.02200007438659668
91,3,77,7,1,0.9872722587001155,989.6713430660378,0.015999794006347656
428,3,78,8,1,4.553999188395968,5761.008104103614,0.020999908447265625
157,3,79,8,1,1.8086130093501835,1816.8908203412323,0.015000104904174805
601,3,80,11,1,6.243815386833728,7390.5905121844435,0.018999814987182617
248,3,81,11,1,2.8256502425718306,2843.4859970014827,0.01699995994567871
319,3,82,12,1,3.519896851502062,6735.461621978992,0.01900005340576172
892,3,83,13,1,10.133363454792388,415548.3170710353,0.0280001163482666
533,3,84,14,1,5.509435647928957,9248.6666300124,0.01900005340576172
84,3,85,14,1,0.8712223183790488,873.3278101495395,0.01699995994567871
321,3,86,15,1,3.5363360529321843,3553.4806705296883,0.017999887466430664
588,3,87,19,1,6.136642253526895,10028.445800364096,0.023000001907348633
401,3,88,20,1,4.269840391783591,5218.804209546343,0.020999908447265625
314,3,89,20,1,3.5031386315200512,4057.679980423011,0.017999887466430664
554,3,90,20,1,5.7730395227071885,9546.974920986942,0.016000032424926758
924,3,91,22,1,10.769912381206021,22851.997794120714,0.018999814987182617
895,3,92,22,1,10.185365378660634,20336.296261979638,0.01900005340576172
594,3,93,24,1,6.183802565997932,12335.29893761578,0.009999990463256836
99,3,94,24,1,1.0610983121783508,1063.87554849097,0.01100015640258789
452,3,95,24,1,4.715505835921671,6458.193914340906,0.009999990463256836
21,3,96,24,1,0.1753744742164049,175.44889807388262,0.008999824523925781
88,3,97,25,1,0.948887664465728,950.0391443725381,0.01399993896484375
711,3,98,26,1,7.448270511762123,517099.5442790306,0.01900005340576172
275,3,99,26,1,3.0418462627597576,3059.3940098285525,0.013000011444091797
369,3,100,26,1,3.8939389082786025,5594.844258243668,0.012000083923339844
749,3,101,26,1,7.972166478772943,884665.9735319767,0.01699995994567871
451,3,102,27,1,4.690284494191728,5632.443025756531,0.012000083923339844
75,3,103,27,1,0.7827783391873927,783.4589036863049,0.002000093460083008
811,3,104,27,1,8.836556120148288,396593.08655661874,0.03399991989135742
686,3,105,28,1,7.173503448645243,19245.676863241188,0.008999824523925781
494,3,106,28,1,5.050976288201948,12044.069335296834,0.009999990463256836
216,3,107,28,1,2.3363756559693676,3837.474560603392,0.013000011444091797
504,3,108,30,1,5.156287190752587,7541.263463279711,0.010999917984008789
812,3,109,30,1,8.839345104523222,969701.5272326363,0.006999969482421875
677,3,110,30,1,7.091014127707311,193587.95086861847,0.013000011444091797
872,3,111,30,1,9.745528558147937,730199.6293623387,0.009999990463256836
737,3,112,30,1,7.827446455412868,511643.63790425606,0.013000011444091797
268,3,113,30,1,2.9993494412854527,3011.3210052518716,0.009000062942504883
779,3,114,31,1,8.379536552051754,16646.727063203365,0.01399993896484375
356,3,115,31,1,3.8244596394268418,3844.6678109708764,0.013000011444091797
390,3,116,31,1,4.117062641857787,4140.381121311916,0.01399993896484375
381,3,117,31,1,4.024552364788194,4046.815607564435,0.016000032424926758
846,3,118,33,1,9.290103708681496,177882.31627071116,0.013000011444091797
136,3,119,33,1,1.477258567784866,1482.6905243195786,0.013000011444091797
786,3,120,33,1,8.492374450845904,21912.38094586828,0.014000177383422852
817,3,121,33,1,8.900058098044228,23065.664347814432,0.010999917984008789
532,3,122,33,1,5.492424647621428,11237.897519250733,0.013000011444091797
338,3,123,33,1,3.6931838336550378,5700.937819953048,0.014999866485595703
874,3,124,33,1,9.773762061735361,26046.383327497148,0.014000177383422852
880,3,125,35,1,9.790753638306676,21688.68479968637,0.023000001907348633
92,3,126,35,1,1.0061898393969064,1008.6766993853906,0.009999990463256836
87,3,127,36,1,0.9342220679214129,935.3996665644078,0.012000083923339844
944,3,128,36,1,11.108490165550965,26305.90494614283,0.010999917984008789
165,3,129,36,1,1.8621653261438242,1866.896211026082,0.012000083923339844
853,3,130,36,1,9.386273128657905,19641.610027874085,0.01399993896484375
708,3,131,37,1,7.41052288823958,1.1159243613100676e6,0.01699995994567871
904,3,132,37,1,10.385762468113757,1.3069036415608728e6,0.02700018882751465
556,3,133,37,1,5.785847943220691,504076.15534120233,0.01900005340576172
831,3,134,37,1,9.079804050050067,1.30735750067888e6,0.020999908447265625
876,3,135,37,1,9.782020223360512,1.3360954161492062e6,0.020999908447265625
716,3,136,37,1,7.499667725142526,1.1792436089796296e6,0.02200007438659668
948,3,137,38,1,11.213307150973826,23004.43276103029,0.01699995994567871
117,3,138,38,1,1.237491367173105,1241.7797337687975,0.01399993896484375
882,3,139,38,1,9.851565414775784,18578.973040178516,0.01399993896484375
139,3,140,38,1,1.5039735836822035,1510.6374476691192,0.012999773025512695
365,3,141,40,1,3.8771187095097477,3911.276225222842,0.016000032424926758
943,3,142,40,1,11.073120522437751,23750.43645655885,0.017999887466430664
211,3,143,40,1,2.324370330130038,2336.216817812248,0.01399993896484375
969,3,144,40,1,11.82968992632622,24790.34918219677,0.02200007438659668
903,3,145,40,1,10.377987995331752,20894.41758774659,0.018000125885009766
1000,3,146,40,1,12.751776558942396,28865.429403373622,0.016000032424926758
894,3,147,42,1,10.173974354191449,358675.54337986873,0.026000022888183594
491,3,148,42,1,5.038221106534928,6894.4252364417725,0.015000104904174805
104,3,149,42,1,1.1202116798284298,1121.7055008390687,0.014999866485595703
518,3,150,43,1,5.317429249442605,8051.213921708779,0.016000032424926758
306,3,151,43,1,3.398791880584159,3413.9857662602644,0.018000125885009766
74,3,152,43,1,0.7718142799410427,772.5172448088946,0.01699995994567871
1008,3,153,43,1,12.973119617352022,579341.9182057523,0.023000001907348633
140,3,154,43,1,1.5169503317857878,1519.8404562694384,0.015999794006347656
427,3,155,43,1,4.54809636666314,4908.6836652951615,0.01900005340576172
784,3,156,43,1,8.44056652343639,327243.0587782489,0.04500007629394531
886,3,157,44,1,9.970775020718538,21778.563998150017,0.020999908447265625
420,3,158,45,1,4.488776094849992,178031.65757811998,0.0280001163482666
402,3,159,45,1,4.2923925043073625,47673.23308199918,0.03299999237060547
632,3,160,46,1,6.560941119352868,12973.461504588435,0.018999814987182617
816,3,161,46,1,8.881450197022222,646985.7763608276,0.023000001907348633
578,3,162,46,1,6.059623347586109,11030.866770758617,0.017999887466430664
273,3,163,46,1,3.0248465385747925,3036.8151496690075,0.01900005340576172
106,3,164,46,1,1.1421694684797088,1143.710550894523,0.016000032424926758
354,3,165,46,1,3.8023800490039132,3821.4076388811704,0.019999980926513672
294,3,166,47,1,3.308639027155893,6776.394569156907,0.023000001907348633
495,3,167,47,1,5.077316661915281,12137.476278576574,0.02200007438659668
5,3,168,47,1,0.044071541714718415,61.68993801247753,0.016000032424926758
416,3,169,48,1,4.428618780045618,4916.760101941799,0.023000001907348633
875,3,170,50,1,9.780879600210673,21102.90573427991,0.020999908447265625
748,3,171,50,1,7.951153118285407,15349.090499507874,0.02200007438659668
523,3,172,50,1,5.355607216240743,7508.849123632565,0.017999887466430664
810,3,173,51,1,8.819150403772912,680176.9776867217,0.03800010681152344
330,3,174,51,1,3.601435927128767,7730.891034061455,0.019999980926513672
238,3,175,51,1,2.708427863221149,4990.803987257925,0.019999980926513672
62,3,176,51,1,0.5894327351952812,845.0974764753965,0.019999980926513672
378,3,177,51,1,3.9825239646663686,8910.382628383906,0.019999980926513672
255,3,178,26,1,2.8534130876630788,2868.0707067094168,0.01699995994567871
714,3,179,30,1,7.480342352096924,347990.0021121316,0.02200007438659668
915,3,180,32,1,10.600651110261902,25940.831476489137,0.01399993896484375
333,3,181,32,1,3.6691439104378696,4329.027873932357,0.015000104904174805
58,3,182,33,1,0.5125521319219666,513.2162842561299,0.017999887466430664
772,3,183,44,1,8.276794067178566,16309.015529287868,0.02499985694885254
387,3,184,45,1,4.09371203940481,4574.758142417328,0.020999908447265625
208,3,185,45,1,2.2944814201938244,2328.626858771622,0.018999814987182617
1022,4,1,1,1,13.923754355253159,341659.89401832956,3.617000102996826
480,4,2,1,1,4.957129040255569,4986.238860638221,0.0
42,4,3,1,1,0.37547948464766123,375.61053041617635,0.023000001907348633
1032,4,4,1,1,14.621972086440353,1.1560338243659495e6,0.017000198364257812
158,4,5,1,1,1.8125648510788401,1816.1984674023188,0.006999969482421875
712,4,6,2,1,7.45270441861931,14510.452688829508,0.0029997825622558594
798,4,7,2,1,8.582994765751648,17939.67963545014,0.020000219345092773
219,4,8,2,1,2.355936405055397,2369.721817889386,0.009000062942504883
725,4,9,2,1,7.655235168231986,15123.242458236035,0.00599980354309082
884,4,10,2,1,9.875442438925049,22026.89201528133,0.002000093460083008
604,4,11,4,1,6.250664122530708,501325.1768281374,0.49900007247924805
417,4,12,4,1,4.438670507235776,7623.01333098944,0.02200007438659668
432,4,13,4,1,4.569487194542143,8126.025183622041,0.020999908447265625
673,4,14,4,1,7.076166443023366,1.0653217858452674e6,0.0279998779296875
615,4,15,4,1,6.3512672168153035,607230.1491843928,0.023000001907348633
705,4,16,4,1,7.38363043037212,1.2860965300351612e6,0.023999929428100586
525,4,17,5,1,5.37384775901662,8282.279175211235,0.018000125885009766
1021,4,18,5,1,13.901562971998576,656881.9470551761,0.016000032424926758
624,4,19,5,1,6.4688139017428705,12555.86568782767,0.008999824523925781
991,4,20,5,1,12.490797163798954,537453.3927326688,0.017999887466430664
497,4,21,6,1,5.098214698475531,8017.334271565927,0.018999814987182617
214,4,22,6,1,2.3315109006426633,2345.0022937708854,0.01699995994567871
270,4,23,6,1,3.009049972444049,3336.295119116449,0.01699995994567871
359,4,24,6,1,3.8426674796526115,4593.692299307058,0.020999908447265625
669,4,25,8,1,6.951790362017576,213406.6778354719,0.017999887466430664
131,4,26,8,1,1.460694560617297,1466.193305105217,0.004000186920166016
237,4,27,10,1,2.707839333724257,2718.8845478502853,0.018000125885009766
114,4,28,10,1,1.2239750310991735,1225.8545020379634,0.014999866485595703
368,4,29,10,1,3.8818053768009166,3903.583910647427,0.018000125885009766
992,4,30,10,1,12.519229790919603,1.4472265529392583e6,0.0279998779296875
156,4,31,11,1,1.798233710173398,1805.220618528158,0.01699995994567871
572,4,32,11,1,5.978038536271666,6909.7640939335615,0.023000001907348633
981,4,33,13,1,12.121631689126694,525427.5808031741,0.029000043869018555
827,4,34,13,1,9.048419620393155,315560.8668221111,0.03600001335144043
674,4,35,14,1,7.08437709639565,303183.1354184723,0.02200007438659668
305,4,36,14,1,3.388831851433628,3422.655356881419,0.02700018882751465
135,4,37,16,1,1.4732751585222919,1478.6570473618297,0.01900005340576172
264,4,38,18,1,2.9486044468417205,206115.89958988654,0.02700018882751465
640,4,39,18,1,6.661164095097223,1.6333049439309514e6,0.024000167846679688
329,4,40,18,1,3.5906202565797596,486804.31031994254,0.02700018882751465
687,4,41,20,1,7.198024387463674,333314.62320028694,0.02500009536743164
609,4,42,20,1,6.304382563838289,11224.910302767705,0.019999980926513672
371,4,43,20,1,3.918705349452731,4691.143068887953,0.01900005340576172
514,4,44,20,1,5.269090993366025,7994.815064012671,0.01900005340576172
1,4,45,20,1,0.009326057807565152,9.312244618896855,0.014999866485595703
125,4,46,20,1,1.369629239858721,1374.5406727552308,0.01699995994567871
19,4,47,21,1,0.16549256108394653,165.51960518109547,0.017000198364257812
501,4,48,21,1,5.13913647161099,6803.151733336351,0.01900005340576172
848,4,49,21,1,9.293747244737085,19311.728896621396,0.01699995994567871
990,4,50,21,1,12.453294588204704,398149.20465845807,0.02500009536743164
130,4,51,21,1,1.4586530970478817,1461.4691342523445,0.023999929428100586
747,4,52,22,1,7.934799522856574,14231.113476632,0.02499985694885254
833,4,53,22,1,9.121525067671822,17496.97070430694,0.021000146865844727
949,4,54,23,1,11.252303889334716,448089.0053951534,0.026999950408935547
437,4,55,23,1,4.595750087320592,5211.952230219804,0.01699995994567871
220,4,56,23,1,2.361551804911644,2368.6153348073226,0.020999908447265625
1024,4,57,23,1,14.109389684472342,677718.2952312811,0.03099989891052246
236,4,58,24,1,2.6851999952664767,2819.2426647195516,0.019999980926513672
440,4,59,24,1,4.61373500515214,6051.7367579090715,0.01699995994567871
204,4,60,24,1,2.2612787079750047,2273.9597938469647,0.01399993896484375
723,4,61,25,1,7.611102495971488,14210.729635509842,0.023000001907348633
31,4,62,25,1,0.2393025540864951,239.35440745894988,0.016000032424926758
521,4,63,25,1,5.335549278082358,7279.225746664999,0.021999835968017578
346,4,64,2,1,3.7244399891748725,4374.3559046152595,0.018000125885009766
326,4,65,7,1,3.5688955042917128,5313.95713572959,0.009999990463256836
865,4,66,8,1,9.540648065639921,636115.7517175041,0.023999929428100586
327,4,67,8,1,3.575480930867165,4152.270542838785,0.018000125885009766
614,4,68,8,1,6.350082278565715,11308.732073397437,0.016000032424926758
973,4,69,10,1,11.856922069805563,1.4185178083748228e6,0.02500009536743164
513,4,70,10,1,5.247759682138443,11556.488842075758,0.009999990463256836
800,4,71,11,1,8.639544487644365,16394.18078844438,0.029000043869018555
516,4,72,11,1,5.2930911910358125,5858.052987462671,0.018999814987182617
996,4,73,12,1,12.601852128514802,1.3426176411611051e6,0.026000022888183594
310,4,74,15,1,3.424188648154919,3440.2695325475725,0.017999887466430664
537,4,75,15,1,5.5448382366621125,8022.22239908562,0.021000146865844727
832,4,76,15,1,9.094394530249364,18765.165449030075,0.018000125885009766
935,4,77,15,1,10.898191901840326,25458.316481391448,0.007999897003173828
893,4,78,15,1,10.134969208235798,22425.128472283654,0.019999980926513672
645,4,79,19,1,6.711822291284374,11769.79679213333,0.009999990463256836
731,4,80,19,1,7.785300063172829,15088.446980447769,0.01100015640258789
667,4,81,19,1,6.948917908439782,12514.66608337463,0.010999917984008789
660,4,82,26,1,6.8771215634111424,265712.2539790082,0.01399993896484375
961,4,83,26,1,11.539812198114033,2.5497834434559927e6,0.021999835968017578
382,4,84,26,1,4.045991245002554,6197.783432838387,0.009999990463256836
982,4,85,27,1,12.169054684342917,636445.6562616064,0.013000011444091797
433,4,86,27,1,4.571905964074197,5133.155111241944,0.006999969482421875
790,4,87,27,1,8.538625636886277,383746.37935702584,0.005000114440917969
11,4,88,27,1,0.08737180212137134,87.36820542149303,0.019999980926513672
146,4,89,27,1,1.5980401842576843,1601.1299961455804,0.009000062942504883
324,4,90,28,1,3.5434458045931696,7472.763279333677,0.008999824523925781
83,4,91,28,1,0.869422219448589,1265.7963834272239,0.007999897003173828
323,4,92,28,1,3.5428036251160204,7469.033306631463,0.012000083923339844
864,4,93,29,1,9.53314926369293,179881.39065371826,0.017999887466430664
386,4,94,29,1,4.0860619687993704,6081.8774580487825,0.013000011444091797
644,4,95,30,1,6.707808643516679,13721.710963042658,0.012000083923339844
454,4,96,30,1,4.728485685409038,5728.785098330068,0.007999897003173828
540,4,97,30,1,5.5760490678414465,9225.50052124753,0.009000062942504883
267,4,98,30,1,2.9938562562187503,3005.9149210601367,0.011999845504760742
190,4,99,30,1,2.1137073707837013,2119.735700424989,0.012000083923339844
256,4,100,31,1,2.8601336237787933,2871.33721970891,0.010999917984008789
912,4,101,31,1,10.530585436864799,24027.020387992634,0.009999990463256836
792,4,102,31,1,8.546742984179065,17145.96425155185,0.013000011444091797
938,4,103,31,1,10.960231336903012,25724.878960962316,0.016000032424926758
355,4,104,31,1,3.818553889546242,3838.565205592371,0.01699995994567871
171,4,105,32,1,1.9360992561712156,1945.3988020138013,0.011999845504760742
344,4,106,32,1,3.7195458404275428,4404.996709318903,0.015000104904174805
47,4,107,32,1,0.4129269098766113,413.3386570089953,0.009000062942504883
905,4,108,32,1,10.399524998895975,25108.302418507967,0.013000011444091797
539,4,109,32,1,5.566997766657763,9435.054092668528,0.01100015640258789
196,4,110,32,1,2.2068427624269313,2218.9262983285385,0.013000011444091797
934,4,111,32,1,10.889308347860629,27074.898127580316,0.01399993896484375
101,4,112,32,1,1.080983177464037,1083.8817884857865,0.009000062942504883
710,4,113,33,1,7.421657704130173,18045.330174577717,0.014999866485595703
60,4,114,33,1,0.5527048502074349,553.5417565249243,0.011999845504760742
43,4,115,35,1,0.37551527331453904,375.87155961525957,0.009999990463256836
642,4,116,35,1,6.69226915425358,12196.823238267174,0.011999845504760742
585,4,117,35,1,6.111771366600303,10446.766720218691,0.01399993896484375
472,4,118,35,1,4.84460173398113,6613.233361439793,0.012000083923339844
308,4,119,35,1,3.4043320106386656,3890.2145964333,0.01100015640258789
408,4,120,36,1,4.339112166815454,4399.716299282448,0.01100015640258789
133,4,121,37,1,1.4662868017264605,1471.0152723207566,0.009000062942504883
968,4,122,38,1,11.794197331367815,159276.71267793002,0.01399993896484375
27,4,123,38,1,0.1967318235998255,196.8010379852941,0.009999990463256836
522,4,124,38,1,5.339143472887544,7541.270719680572,0.01399993896484375
261,4,125,38,1,2.88689435781834,2911.9204706252963,0.01699995994567871
373,4,126,38,1,3.9359879837334906,3983.452020302115,0.013000011444091797
1001,4,127,38,1,12.849169320400215,453084.26850028284,0.013000011444091797
997,4,128,39,1,12.642572428855221,27654.523913629597,0.013000011444091797
431,4,129,39,1,4.567772837949104,4755.924418994598,0.011999845504760742
137,4,130,41,1,1.484820889250055,1490.2769681977056,0.014000177383422852
49,4,131,41,1,0.4262479577526008,426.6940702483642,0.011999845504760742
177,4,132,42,1,2.0123578285945856,2017.401961978774,0.013000011444091797
859,4,133,42,1,9.485258570984024,342971.2905957616,0.03699994087219238
164,4,134,42,1,1.8591349461099342,1863.4733696232481,0.013000011444091797
170,4,135,42,1,1.9113495704162766,1915.9899027598906,0.01399993896484375
789,4,136,42,1,8.520441361782412,304673.03760691336,0.04499983787536621
1003,4,137,43,1,12.855423630211266,597361.0368057052,0.019999980926513672
1023,4,138,43,1,14.077294505185918,682267.209984602,0.021000146865844727
1030,4,139,43,1,14.473489713844337,693811.7881914381,0.026000022888183594
967,4,140,43,1,11.763344361499566,480759.5242960599,0.02499985694885254
311,4,141,44,1,3.4396227843391904,3455.8611660329825,0.023000001907348633
363,4,142,44,1,3.868067100334314,3888.595069006214,0.018000125885009766
530,4,143,44,1,5.433866355860249,7686.378061035328,0.024000167846679688
896,4,144,44,1,10.191435335784695,22647.244391797198,0.02200007438659668
234,4,145,45,1,2.633245234602381,2680.2906777196376,0.021999835968017578
465,4,146,45,1,4.807598882591294,292551.2399956061,0.026000022888183594
147,4,147,45,1,1.648434076689573,1665.5712542044203,0.019999980926513672
761,4,148,45,1,8.189278165136482,1.4960475084217961e6,0.029000043869018555
477,4,149,45,1,4.8995492212843,307890.40002335096,0.026000022888183594
524,4,150,45,1,5.368494374263528,561463.0815604725,0.029999971389770508
350,4,151,45,1,3.762940064178108,3859.0185535970077,0.023000001907348633
304,4,152,46,1,3.387035877154686,3402.1476815058386,0.02200007438659668
144,4,153,47,1,1.5900071229896937,2351.167555680121,0.02200007438659668
394,4,154,47,1,4.1763603826195155,9403.039846171569,0.02499985694885254
46,4,155,47,1,0.39535217563015984,553.8199778266071,0.02500009536743164
570,4,156,47,1,5.94837110398663,14791.553862062667,0.01900005340576172
424,4,157,47,1,4.527938123009901,10468.849304257585,0.018999814987182617
65,4,158,47,1,0.6375597677010627,917.2540665174284,0.01699995994567871
672,4,159,48,1,7.0750713724312595,12927.516974241878,0.025999784469604492
254,4,160,48,1,2.8512393542108176,2876.3737317426444,0.020999908447265625
735,4,161,48,1,7.821702959112343,15192.932817221534,0.021000146865844727
44,4,162,49,1,0.3843452708974191,384.74982443970595,0.010999917984008789
434,4,163,49,1,4.581819227435249,5920.807838669023,0.01699995994567871
814,4,164,49,1,8.870393507206048,624506.3336093727,0.03500008583068848
410,4,165,49,1,4.3762583850767305,5384.243641912306,0.021000146865844727
689,4,166,29,1,7.208215225052485,19225.505250734554,0.01900005340576172
229,4,167,31,1,2.55363652084728,2562.5591569287217,0.01699995994567871
325,4,168,32,1,3.5521408391441542,4152.913910262291,0.014999866485595703
269,4,169,33,1,3.0071975299180806,3625.9832569299815,0.01399993896484375
662,4,170,34,1,6.909774585249126,999562.1826873756,0.01900005340576172
399,4,171,36,1,4.237997773854004,4262.686417387792,0.018000125885009766
706,4,172,36,1,7.388235412483209,13622.887939665246,0.01900005340576172
348,4,173,37,1,3.731924392360847,7682.590600406528,0.02200007438659668
636,4,174,37,1,6.584337632505235,821306.3913761422,0.029999971389770508
913,4,175,37,1,10.535196664880955,1.3400710025853198e6,0.03900003433227539
1014,4,176,39,1,13.24686633545733,30060.132516602844,0.021999835968017578
561,4,177,40,1,5.847555596517732,6708.87762708638,0.023999929428100586
334,4,178,40,1,3.6798362150224424,3710.1776933582746,0.021999835968017578
73,4,179,41,1,0.7657827412162324,767.225807755389,0.017999887466430664
391,4,180,41,1,4.148661509765728,5012.129007697528,0.01900005340576172
176,4,181,44,1,1.9783918663801392,1983.7536455330699,0.016000032424926758
922,4,182,44,1,10.695471742355572,24618.294955679372,0.021000146865844727
59,5,1,1,1,0.517986361317645,518.2618287252193,3.691999912261963
277,5,2,2,1,3.0937135384756753,3423.4903807773476,0.003999948501586914
23,5,3,3,1,0.18003726685701013,180.06046403805152,0.2369999885559082
485,5,4,3,1,5.009544951586903,6606.308812631777,0.012000083923339844
824,5,5,3,1,8.981099623895574,670080.4057765157,0.0009999275207519531
794,5,6,3,1,8.564444404781533,642780.9932341985,0.02500009536743164
388,5,7,3,1,4.104040803909831,4126.057855766268,0.009999990463256836
191,5,8,3,1,2.1434559311739854,2149.080126380649,0.006999969482421875
557,5,9,3,1,5.791676178976649,9908.94103783056,0.004000186920166016
55,5,10,3,1,0.49591710095779623,496.19975549004107,0.01699995994567871
53,5,11,5,1,0.4743661551001082,474.595423169247,0.015000104904174805
300,5,12,5,1,3.349232802334823,3363.8725606855987,0.014999866485595703
664,5,13,5,1,6.9117417214613095,15440.14521986065,0.010999917984008789
754,5,14,5,1,8.065118655132984,285944.36595976976,0.04700016975402832
252,5,15,6,1,2.8411410796768117,3083.7702493247675,0.021999835968017578
241,5,16,7,1,2.722043212726552,2870.9456716971545,0.018999814987182617
262,5,17,7,1,2.8888325047098364,3269.8691291913865,0.016000032424926758
215,5,18,7,1,2.33541543014426,2348.977193351554,0.01900005340576172
544,5,19,7,1,5.612619830495743,11499.633281937853,0.013000011444091797
218,5,20,8,1,2.3511368979711187,2365.5990019685028,0.016000032424926758
583,5,21,8,1,6.081295315327144,10450.444690944942,0.017999887466430664
931,5,22,9,1,10.852664190677633,19534.991651986016,0.014999866485595703
822,5,23,9,1,8.950443123434832,18224.537666453325,0.015999794006347656
98,5,24,9,1,1.0432920465262918,1044.6509278798826,0.017999887466430664
726,5,25,9,1,7.7303673684964,14613.897443235877,0.017999887466430664
442,5,26,9,1,4.625019373193009,5212.797735944774,0.023000001907348633
79,5,27,9,1,0.7957981304202771,796.5297157889154,0.018000125885009766
963,5,28,9,1,11.617366314299813,42985.09863677401,0.017999887466430664
746,5,29,10,1,7.923794538733725,1.118931702254377e6,0.03399991989135742
249,5,30,10,1,2.828468488772721,2840.065014922651,0.019999980926513672
213,5,31,10,1,2.329628770571363,2336.8620161702424,0.0279998779296875
584,5,32,11,1,6.081572541046059,7065.562207377588,0.023999929428100586
743,5,33,11,1,7.8837877065780635,13961.459305285993,0.019999980926513672
551,5,34,13,1,5.71089732045377,9609.528490284756,0.023000001907348633
473,5,35,13,1,4.844858299158289,6159.240328483386,0.019999980926513672
404,5,36,13,1,4.3075958269404575,4332.563251784388,0.020999908447265625
385,5,37,13,1,4.082435994563748,4104.570102730545,0.017999887466430664
690,5,38,14,1,7.208505969663013,377862.918012707,0.029000043869018555
1015,5,39,14,1,13.281180904294537,690747.6465188406,0.02700018882751465
947,5,40,14,1,11.175999525162275,681539.1909221084,0.029000043869018555
97,5,41,14,1,1.0325716434268626,1035.5446231731728,0.018999814987182617
695,5,42,15,1,7.260214011184333,13223.08186873835,0.020999908447265625
809,5,43,15,1,8.80228723263749,17887.16584492127,0.023999929428100586
152,5,44,15,1,1.741063806832194,1745.1962072231279,0.020999908447265625
835,5,45,15,1,9.140493033348642,18915.38568638479,0.019999980926513672
567,5,46,15,1,5.897040182912214,9085.93435714557,0.02499985694885254
683,5,47,16,1,7.143410650631269,13568.162579631586,0.020999908447265625
498,5,48,16,1,5.125256124564615,7464.133477512229,0.023000001907348633
28,5,49,16,1,0.2000233828326176,200.11877331307934,0.01699995994567871
349,5,50,16,1,3.7356937193736623,4391.687433388417,0.023000001907348633
763,5,51,17,1,8.221998588251381,23859.512022782084,0.024000167846679688
16,5,52,17,1,0.1373746251305724,192.35060499281357,0.018000125885009766
546,5,53,17,1,5.6417177210828715,13862.157024793121,0.02200007438659668
445,5,54,17,1,4.637485102740369,10809.82522266414,0.017999887466430664
575,5,55,17,1,6.0285962404512,15196.987234305981,0.019999980926513672
155,5,56,18,1,1.7640595638414287,1771.4932840645395,0.019999980926513672
770,5,57,18,1,8.273205549885315,2.2082038140083198e6,0.029000043869018555
675,5,58,19,1,7.0861014538978715,12879.869624327664,0.023999929428100586
701,5,59,19,1,7.326138431180474,13675.513567869739,0.021000146865844727
247,5,60,19,1,2.8106304999647076,2834.1187209404206,0.021999835968017578
169,5,61,20,1,1.8968744516773375,1906.3680723809255,0.020000219345092773
621,5,62,20,1,6.432174280082123,11569.112866245303,0.019999980926513672
625,5,63,20,1,6.475593857988054,99946.07177439265,0.023000001907348633
925,5,64,21,1,10.777387868025354,24860.38712026134,0.017999887466430664
972,5,65,21,1,11.85107810692234,70239.94387881568,0.017999887466430664
760,5,66,21,1,8.150620852894011,15885.795246530628,0.020999908447265625
1005,5,67,21,1,12.95912447504297,492670.8343303695,0.023999929428100586
665,5,68,21,1,6.9295011709400045,12147.65149846111,0.02499985694885254
871,5,69,21,1,9.68682397386336,20596.22925029153,0.020999908447265625
297,5,70,21,1,3.327159731843784,3342.0796751348507,0.019999980926513672
937,5,71,22,1,10.926874677295048,23287.459442581512,0.023000001907348633
143,5,72,22,1,1.5492386180407558,1554.4103124202834,0.018000125885009766
994,5,73,22,1,12.542718663407207,28141.71404575266,0.024000167846679688
844,5,74,22,1,9.252698090605513,17815.71096856947,0.02499985694885254
959,5,75,23,1,11.477857626608834,456102.6408988262,0.039999961853027344
728,5,76,23,1,7.749398892547309,178650.8093988397,0.04999995231628418
366,5,77,23,1,3.8792014785801228,3899.1987921992836,0.020999908447265625
283,5,78,23,1,3.1510527878108707,3163.8242643542326,0.01900005340576172
697,5,79,23,1,7.267952356605878,20447.466540300185,0.032000064849853516
447,5,80,24,1,4.663172317768866,6248.916163502459,0.02200007438659668
20,5,81,25,1,0.1668415219610303,166.8638353810232,0.017999887466430664
198,5,82,25,1,2.2194886364362425,2226.099385897348,0.016000032424926758
852,5,83,11,1,9.352506349424456,18546.67589797498,0.01900005340576172
877,5,84,12,1,9.782310482129592,1.34063613711003e6,0.02500009536743164
732,5,85,14,1,7.787392014622336,620367.694806722,0.0279998779296875
1010,5,86,27,1,13.02935913000026,768258.1208623109,0.009999990463256836
656,5,87,27,1,6.853267611998365,17668.42546617335,0.019999980926513672
807,5,88,27,1,8.754643901910304,401735.7921254358,0.020999908447265625
78,5,89,28,1,0.7905363882906336,1147.084195295695,0.010999917984008789
828,5,90,28,1,9.055809675534116,25926.931320998716,0.01900005340576172
18,5,91,28,1,0.144410899450146,202.25750942665772,0.016000032424926758
150,5,92,28,1,1.6954182968073108,2509.048862029199,0.01399993896484375
613,5,93,28,1,6.338627235957287,15974.313218256832,0.015000104904174805
239,5,94,29,1,2.713943400789799,2726.6783150335505,0.01399993896484375
64,5,95,29,1,0.6025239882836054,603.088201668116,0.013000011444091797
862,5,96,29,1,9.511328000564927,44694.30495802432,0.014999866485595703
587,5,97,29,1,6.135664249986255,14601.900764151425,0.013000011444091797
637,5,98,29,1,6.598529344801997,16588.683971178434,0.01399993896484375
854,5,99,29,1,9.407992988441636,135136.74042360223,0.020999908447265625
225,5,100,30,1,2.4508691105398834,2458.9575471206326,0.01399993896484375
393,5,101,30,1,4.162875629019404,4186.434592483332,0.009999990463256836
821,5,102,30,1,8.948193343669836,670742.669718959,0.012000083923339844
438,5,103,30,1,4.603659066257628,5219.799572372631,0.011999845504760742
756,5,104,30,1,8.08185935934454,625483.9263045094,0.015999794006347656
661,5,105,31,1,6.888841982058761,12118.589374170266,0.010999917984008789
439,5,106,33,1,4.604963154109668,8492.204178029659,0.01100015640258789
260,5,107,33,1,2.878129127832494,3238.2915185383426,0.015000104904174805
517,5,108,33,1,5.299178732431902,10680.521984016252,0.012000083923339844
263,5,109,34,1,2.9339189696918813,2948.6574666678575,0.009999990463256836
741,5,110,34,1,7.846229386473581,1.6074153729879593e6,0.023999929428100586
471,5,111,34,1,4.8218126462013995,9191.065346051426,0.01399993896484375
335,5,112,34,1,3.6856926229478724,4636.770996458199,0.014999866485595703
276,5,113,34,1,3.0609373238317454,3077.167007862455,0.014999866485595703
720,5,114,34,1,7.597740171870207,1.445055797763774e6,0.01699995994567871
296,5,115,35,1,3.319441298830486,3762.4391999324907,0.009999990463256836
929,5,116,35,1,10.833013674258599,25831.621667454303,0.014000177383422852
153,5,117,36,1,1.7583052116492068,1762.578336038387,0.01100015640258789
878,5,118,36,1,9.782842233733394,21090.68903582549,0.017000198364257812
707,5,119,36,1,7.400649081506459,13653.282725910758,0.015999794006347656
322,5,120,36,1,3.5407158680904147,3557.9206323751246,0.01399993896484375
352,5,121,36,1,3.7855696218685084,3805.259689685052,0.01399993896484375
224,5,122,36,1,2.446121999297907,2454.3186018758884,0.013000011444091797
421,5,123,37,1,4.491859252487051,29322.68798313602,0.01900005340576172
375,5,124,37,1,3.963140690982354,8565.339949171559,0.014999866485595703
974,5,125,37,1,11.884082481386653,1.4009008689936977e6,0.017999887466430664
715,5,126,37,1,7.495597293522902,1.1277693989959985e6,0.020000219345092773
733,5,127,38,1,7.788092841184338,15044.363251359777,0.016000032424926758
767,5,128,39,1,8.238646793871002,15144.85319065921,0.014999866485595703
962,5,129,39,1,11.554337664781709,24054.946123855454,0.016000032424926758
703,5,130,39,1,7.351795681335227,11866.510835760444,0.016000032424926758
783,5,131,39,1,8.43589285145732,15714.019079653472,0.018000125885009766
869,5,132,39,1,9.626348282943821,18841.854839831696,0.016000032424926758
693,5,133,39,1,7.241890089182469,11421.059841799526,0.013000011444091797
979,5,134,40,1,12.067451156654954,26763.392672830192,0.015000104904174805
502,5,135,40,1,5.139739124887984,5625.236370185457,0.016000032424926758
820,5,136,40,1,8.93801704482804,17061.108081300154,0.01699995994567871
184,5,137,41,1,2.0588846699130956,2069.3881730122685,0.01399993896484375
617,5,138,41,1,6.368310900552881,13076.426105166156,0.013000011444091797
999,5,139,42,1,12.720590516633596,593724.0217286502,0.01399993896484375
804,5,140,42,1,8.674961036989357,284501.2304682861,0.037999868392944336
496,5,141,42,1,5.095071931731364,7147.983665179573,0.01900005340576172
887,5,142,42,1,9.971520613647982,335577.2148671193,0.031000137329101562
1031,5,143,43,1,14.557018846480922,733726.1023336123,0.025999784469604492
245,5,144,43,1,2.787274959917527,2797.550982757245,0.01399993896484375
777,5,145,43,1,8.358863609182421,306500.13572018594,0.0559999942779541
507,5,146,44,1,5.180863484886409,6924.676266006914,0.023000001907348633
35,5,147,44,1,0.276718953716547,276.8496709702848,0.01699995994567871
469,5,148,44,1,4.815047327696276,5824.074804344208,0.02200007438659668
933,5,149,48,1,10.872116159042907,25802.319796809563,0.02200007438659668
122,5,150,48,1,1.2665771073845322,1271.5048427701638,0.019999980926513672
797,5,151,50,1,8.581564279156066,17250.271652280204,0.020999908447265625
702,5,152,50,1,7.327605643289854,13457.330759881495,0.01900005340576172
829,5,153,50,1,9.056557837952766,18693.333919829412,0.020999908447265625
124,5,154,50,1,1.2849466916044783,1287.234490985983,0.01699995994567871
536,5,155,51,1,5.543878037949202,14851.96204878338,0.024000167846679688
808,5,156,51,1,8.755910549681941,731151.1530620845,0.03299999237060547
186,5,157,51,1,2.067188512706496,3075.606045363265,0.03299999237060547
111,5,158,51,1,1.2016428835403627,1767.348980052998,0.023000001907348633
543,5,159,29,1,5.606839011077846,12247.298614957648,0.014999866485595703
182,5,160,49,1,2.044113854311237,2055.7970422033286,0.017999887466430664
867,5,161,50,1,9.57563891880384,20372.063648821928,0.015999794006347656
744,5,162,50,1,7.893582934942807,15168.533866853722,0.01699995994567871
920,6,1,1,1,10.658916756757908,24491.47135538912,3.816999912261963
279,6,2,2,1,3.106569248775033,3442.778874944271,0.007999897003173828
77,6,3,3,1,0.790448931665345,791.1084271211739,0.24699997901916504
470,6,4,3,1,4.819549702110751,6098.069808605102,0.002000093460083008
389,6,5,3,1,4.112371682776127,4134.626442133695,0.021999835968017578
154,6,6,4,1,1.760551689561242,1765.790892846997,0.010999917984008789
45,6,7,4,1,0.39189414146532775,392.1094061327007,0.010999917984008789
555,6,8,4,1,5.774070319031791,175075.670482845,0.0009999275207519531
57,6,9,4,1,0.5076842510247539,508.0490853624843,0.01100015640258789
67,6,10,4,1,0.6601953499221858,660.848268922412,0.009999990463256836
197,6,11,5,1,2.21773247857967,2223.8865720493845,0.016000032424926758
676,6,12,7,1,7.087192399503986,16254.270295682976,0.013000011444091797
883,6,13,7,1,9.853099974260696,26141.961406177015,0.018000125885009766
221,6,14,7,1,2.389686259402635,2405.3477198655555,0.016000032424926758
490,6,15,7,1,5.0328754933262445,9736.559413388455,0.017000198364257812
791,6,16,7,1,8.542022948234651,21500.58778789256,0.015000104904174805
700,6,17,7,1,7.310415344582962,17006.59333455055,0.015000104904174805
694,6,18,7,1,7.244516644571433,16687.604591269013,0.012000083923339844
861,6,19,7,1,9.491735658829223,24729.063709773713,0.006000041961669922
89,6,20,7,1,0.96378363686379,966.1191412540359,0.023000001907348633
866,6,21,8,1,9.55883342188315,681307.0202704648,0.031000137329101562
847,6,22,9,1,9.291264949107534,17333.80164915783,0.015000104904174805
778,6,23,9,1,8.36332847011816,16467.344059971067,0.01699995994567871
32,6,24,9,1,0.25313447416721935,253.19341490038934,0.013000011444091797
282,6,25,9,1,3.145349953936078,3158.493257724839,0.018000125885009766
481,6,26,9,1,4.962274879968889,6209.208613387956,0.02200007438659668
958,6,27,10,1,11.47195838786914,1.4315842761636924e6,0.024000167846679688
978,6,28,10,1,12.042824501776199,1.4546902027874705e6,0.024000167846679688
801,6,29,10,1,8.64122413953358,1.175523355028209e6,0.03600001335144043
364,6,30,10,1,3.8700705555857415,3894.1728254432082,0.020999908447265625
2,6,31,11,1,0.016132782482784283,16.119079292835234,0.013000011444091797
897,6,32,11,1,10.261691104204324,21294.383122490042,0.019999980926513672
914,6,33,11,1,10.591599840348016,21447.672340312227,0.021999835968017578
419,6,34,12,1,4.477735326796602,39082.77550121353,0.0279998779296875
560,6,35,12,1,5.831758217167306,557303.3769971813,0.0280001163482666
312,6,36,12,1,3.4955319083727474,6603.885555620287,0.02200007438659668
898,6,37,12,1,10.270988459942997,1.3357040297864594e6,0.03299999237060547
1004,6,38,12,1,12.908250721996726,1.3943187038965132e6,0.03500008583068848
202,6,39,12,1,2.2510134965194175,2262.482962712528,0.019999980926513672
717,6,40,12,1,7.518649182150055,1.1854840076640747e6,0.032000064849853516
195,6,41,13,1,2.1946400481394424,2200.795395038513,0.018000125885009766
692,6,42,13,1,7.237386140017371,20820.83902302415,0.04200005531311035
987,6,43,13,1,12.308869555138225,532620.1985076963,0.02499985694885254
605,6,44,13,1,6.267769290213123,11768.965287999585,0.017999887466430664
50,6,45,14,1,0.4526128745826111,453.06175946393967,0.01699995994567871
966,6,46,15,1,11.728770392935504,28711.066084518156,0.020999908447265625
459,6,47,15,1,4.758674998472659,5657.235772673456,0.01699995994567871
343,6,48,15,1,3.718174306789009,3737.196928319006,0.023000001907348633
918,6,49,15,1,10.625422385604386,24371.782733642707,0.023000001907348633
145,6,50,15,1,1.5912193331189584,1594.6813823282316,0.01699995994567871
769,6,51,15,1,8.271464641432198,16301.428535248288,0.01699995994567871
691,6,52,15,1,7.2144977097110194,13080.363793252161,0.024000167846679688
651,6,53,16,1,6.765543431196156,12425.199399901932,0.013000011444091797
345,6,54,16,1,3.7231804762547642,4372.974484708426,0.01100015640258789
751,6,55,16,1,8.018343625859115,16231.813453345658,0.020000219345092773
141,6,56,16,1,1.5190338482551176,1524.7508498270427,0.01900005340576172
926,6,57,16,1,10.808972586931471,25709.80415786262,0.01900005340576172
9,6,58,17,1,0.06611122614107735,92.55160677204228,0.016000032424926758
785,6,59,17,1,8.453417916820527,24371.50243015546,0.018999814987182617
52,6,60,17,1,0.4678944594726328,662.3605918264806,0.016000032424926758
48,6,61,18,1,0.42406468063389235,424.39924254874654,0.01699995994567871
923,6,62,18,1,10.725635600137245,2.215511508664011e6,0.02500009536743164
210,6,63,18,1,2.3100902401479564,12330.733576065504,0.02500009536743164
25,6,64,18,1,0.1848989879903178,184.93213032870028,0.014999866485595703
119,6,65,19,1,1.2441925514525374,1248.6474532455265,0.01900005340576172
487,6,66,19,1,5.021444919886096,6595.208807430057,0.01900005340576172
986,6,67,19,1,12.263200161593616,242319.18492158924,0.02200007438659668
37,6,68,20,1,0.29574459062469516,295.97682638758187,0.01900005340576172
291,6,69,21,1,3.2726550997363746,3286.99878923461,0.01900005340576172
94,6,70,21,1,1.0256842062509595,1027.0445891800598,0.014999866485595703
941,6,71,21,1,11.013892229909036,25812.598413397394,0.019999980926513672
403,6,72,21,1,4.292766567195334,4317.620009341219,0.021000146865844727
620,6,73,21,1,6.39577106331882,10565.077813094456,0.029000043869018555
910,6,74,21,1,10.493701866153366,19112.979838529256,0.019999980926513672
339,6,75,21,1,3.702627690003648,3721.3032727552786,0.020999908447265625
81,6,76,22,1,0.8294257507495717,830.851976889071,0.01699995994567871
776,6,77,22,1,8.325841860117865,15483.629969323905,0.019999980926513672
362,6,78,22,1,3.8649602913753944,3898.9214614317502,0.02200007438659668
228,6,79,22,1,2.5321082831286783,2546.2877982689874,0.01699995994567871
989,6,80,22,1,12.433357605505424,27857.39587242528,0.019999980926513672
1011,6,81,23,1,13.05396270317006,588876.2933958308,0.02700018882751465
699,6,82,23,1,7.289131320508973,45998.919257383495,0.04999995231628418
340,6,83,23,1,3.712677097090891,3731.0365404773074,0.02200007438659668
980,6,84,23,1,12.108696791388185,501412.67985465744,0.023999929428100586
127,6,85,24,1,1.3944391582362463,1399.2339061264443,0.023000001907348633
34,6,86,24,1,0.26860400886690333,268.78368566487245,0.015000104904174805
550,6,87,24,1,5.700805411554241,10403.057841582871,0.019999980926513672
307,6,88,24,1,3.399181551782997,3882.4575676659706,0.01900005340576172
458,6,89,24,1,4.755496025552631,6618.0720152079375,0.019999980926513672
988,6,90,25,1,12.423513290324642,253096.0625370863,0.031000137329101562
38,6,91,25,1,0.3001605970950751,300.262682733524,0.017999887466430664
750,6,92,2,1,7.978799977125635,16113.601571206633,0.016000032424926758
758,6,93,4,1,8.100223631989245,1.8123485984481613e6,0.023000001907348633
265,6,94,6,1,2.9819005013910838,3295.41406722217,0.017000198364257812
332,6,95,6,1,3.666424227649082,4327.09154937902,0.01100015640258789
519,6,96,7,1,5.327064386467404,10631.143689815925,0.01900005340576172
742,6,97,7,1,7.851065960065777,19078.23851479271,0.018000125885009766
69,6,98,25,1,0.7313981849839023,732.0367991704212,0.009999990463256836
466,6,99,26,1,4.807943676954969,9517.16457771885,0.012000083923339844
361,6,100,26,1,3.8635511584202034,5467.909362796216,0.011999845504760742
212,6,101,26,1,2.3266590592029854,2336.961800662023,0.009999990463256836
901,6,102,26,1,10.351839285253405,1.9490546483629737e6,0.021999835968017578
545,6,103,27,1,5.620082347633602,9558.766945268215,0.009000062942504883
425,6,104,27,1,4.53520024841312,5025.0847887585915,0.014999866485595703
622,6,105,27,1,6.435361114152981,12571.168397732567,0.010999917984008789
819,6,106,28,1,8.932733879245284,25454.951201208383,0.009000062942504883
167,6,107,28,1,1.8853788254495447,2795.4120913981683,0.010999917984008789
242,6,108,28,1,2.7255348766899177,5006.946023656845,0.016000032424926758
492,6,109,29,1,5.039293422897149,9975.086672339303,0.014999866485595703
529,6,110,33,1,5.415890582359232,10985.224238238488,0.013000011444091797
7,6,111,33,1,0.05608015288007429,56.08374312725368,0.007999897003173828
246,6,112,33,1,2.79971888696657,3002.3538028538574,0.01399993896484375
70,6,113,34,1,0.7380574760524539,738.8885629063753,0.009999990463256836
580,6,114,34,1,6.061037650604833,373996.51256568736,0.013000011444091797
721,6,115,34,1,7.599200699019637,1.4306873852170906e6,0.013000011444091797
151,6,116,35,1,1.7201501877721892,1727.476556141566,0.010999917984008789
727,6,117,35,1,7.742535572776884,15394.286652878929,0.013000011444091797
842,6,118,35,1,9.230996290722961,19875.912799643353,0.009999990463256836
511,6,119,36,1,5.228401851990735,7072.503850231186,0.010999917984008789
930,6,120,37,1,10.845669849151712,1.3540395325473894e6,0.020999908447265625
527,6,121,37,1,5.4045668646085225,334333.21284781967,0.023000001907348633
688,6,122,38,1,7.207555679798272,13287.404205148878,0.015000104904174805
302,6,123,38,1,3.3629968908552197,3397.101637206742,0.016000032424926758
1017,6,124,39,1,13.436108608138676,30803.11609099825,0.016000032424926758
787,6,125,39,1,8.505277304942638,15905.113053714695,0.012999773025512695
1013,6,126,39,1,13.107837885048472,29519.29415941724,0.01699995994567871
635,6,127,39,1,6.576255798406843,8782.105931874978,0.01699995994567871
730,6,128,40,1,7.778429307960441,13572.425372068376,0.01699995994567871
826,6,129,40,1,9.04697873061902,17342.719008975248,0.018999814987182617
194,6,130,40,1,2.192244144028606,2203.119443831978,0.01699995994567871
423,6,131,41,1,4.520691767167465,5682.281618990992,0.01399993896484375
71,6,132,41,1,0.7638213604591171,765.2479783067869,0.014000177383422852
315,6,133,41,1,3.5053800814374814,4042.2532895835407,0.018000125885009766
342,6,134,41,1,3.7172241485575883,4361.465785967915,0.018000125885009766
654,6,135,45,1,6.780299525562684,1.0228871420679394e6,0.029999971389770508
396,6,136,45,1,4.1969897892459205,97997.36608010007,0.023999929428100586
597,6,137,45,1,6.190247578459605,772311.3340995064,0.03099989891052246
628,6,138,45,1,6.513740874781343,959957.2678951806,0.03099989891052246
418,6,139,46,1,4.454691072896835,4606.1532521620575,0.03500008583068848
508,6,140,46,1,5.185566788840902,7560.066478936191,0.020999908447265625
638,6,141,46,1,6.601131942034991,13248.309393480142,0.020999908447265625
599,6,142,46,1,6.208425127460936,11529.575794356522,0.019999980926513672
838,6,143,46,1,9.204716737911932,667101.1553487545,0.019999980926513672
499,6,144,46,1,5.13105183939236,7415.2988547178775,0.01699995994567871
8,6,145,47,1,0.06247337844733848,87.45544920846093,0.017999887466430664
188,6,146,47,1,2.0964635613267673,3121.7087164657337,0.0280001163482666
627,6,147,47,1,6.484982304210237,16424.286913485947,0.019999980926513672
115,6,148,47,1,1.2279406418797665,1805.6270042190458,0.021000146865844727
288,6,149,48,1,3.193410041507584,3224.994356365114,0.023999929428100586
163,6,150,48,1,1.8573130990858568,1867.924335929622,0.020000219345092773
765,6,151,48,1,8.23502653005184,16449.6664161987,0.02500009536743164
753,6,152,48,1,8.062114089631288,15939.150974331209,0.023999929428100586
376,6,153,49,1,3.972280771366763,4767.251474303515,0.02200007438659668
764,6,154,49,1,8.234488367964527,663025.676107774,0.03099989891052246
780,6,155,49,1,8.380883661916002,676649.1968738594,0.029999971389770508
736,6,156,51,1,7.827121316479234,647863.9131322714,0.03400015830993652
734,6,157,51,1,7.808410972841554,600644.4979175248,0.039999961853027344
29,6,158,51,1,0.22461109690263314,314.5317507871403,0.017999887466430664
30,6,159,29,1,0.234422428574819,234.48444254388676,0.009000062942504883
292,6,160,41,1,3.2758493330089133,3696.82763083809,0.019999980926513672
936,6,161,48,1,10.922962773439265,25969.06913263873,0.021999835968017578
68,6,162,48,1,0.7269992064468614,728.6101437303006,0.019999980926513672
121,6,163,48,1,1.2558883136161203,1260.7275357696246,0.020999908447265625
